date,channel,time_et,theme,cta,copy_preview
2026-04-27,X,12:00,retrieval over scraping,docs,"Most shopping-agent demos break at the retrieval layer, not the reasoning layer..."
2026-04-28,LinkedIn,09:30,architecture point of view,docs,"One pattern keeps showing up in agent-commerce work: teams spend too much time on the wrong layer..."
2026-04-28,X,12:30,eval checklist question,docs,"Developer question: If you were evaluating a commerce API for agent workflows, what would you test first?..."
2026-04-29,X,12:00,compare as a product primitive,docs,"Compare should be a first-class product primitive for shopping agents..."
2026-04-30,LinkedIn,09:30,response-contract quality,docs,"For agent-facing APIs, reliability is not just uptime..."
2026-04-30,X,12:15,MCP tool-surface framing,MCP,"Bad commerce MCP design: every endpoint becomes a tool..."
2026-05-01,X,11:45,explanation-ready price data,docs,"A useful commerce API does not just answer what is cheapest?..."
2026-05-02,LinkedIn,10:00,curated beta rationale,docs,"There is a reason we keep describing BuyWhere US as a curated beta..."
2026-05-04,X,12:00,agent workflow sequence,docs,"Simple workflow test for a commerce stack: search -> compare -> best-price -> explain..."
2026-05-05,LinkedIn,09:30,build vs buy catalog layer,docs,"One honest question every commerce-AI team has to answer: should we build the catalog layer ourselves..."
2026-05-05,X,12:15,practical API question,docs,"If a user asks an agent: what should I buy, from where, and why?..."
2026-05-06,X,12:00,narrow tool design,MCP,"The more generic the commerce tool surface, the more work the model has to do to choose correctly..."
2026-05-07,LinkedIn,09:30,what developer trust looks like,docs,"Developer trust in an API usually comes from small things before it comes from big announcements..."
2026-05-07,X,12:30,behind-the-build cache/contract note,docs,"Boring backend opinion: cache keys and response contracts are product decisions..."
2026-05-08,X,11:45,call for builder feedback,docs,"If you are building commerce or deal-finding agents, what missing primitive would you want next?..."
2026-05-09,LinkedIn,10:00,where agent-commerce friction really lives,docs,"The most common misunderstanding in agent-commerce is thinking the model layer is the main bottleneck..."